,precision,recall,f1-score,support
0.0,0.9172141918528253,0.9735006973500697,0.9445196211096076,2868.0
1.0,0.9035532994923858,0.7385892116182573,0.812785388127854,964.0
accuracy,0.9144050104384134,0.9144050104384134,0.9144050104384134,0.9144050104384134
macro avg,0.9103837456726056,0.8560449544841635,0.8786525046187308,3832.0
weighted avg,0.9137775790565144,0.9144050104384134,0.9113797984075173,3832.0
